km_driven,price_inr
63369,1455400
122026,1070100
78158,1309600
290929,432700
50580,1498300
54123,1475700
119629,1083400
299254,558900
109248,1114600
224949,589900
120574,1032900
8407,1880500
88707,1235000
86516,1219900
117886,1128700
53625,1474200
204191,808500
143685,1015600
27780,1684700
203461,669800
46313,1452600
194600,730400
105814,1145600
124484,1036700
156722,1001500
57953,1445400
204295,716200
196277,824900
90277,1216600
144973,979400
42435,1548200
133351,988700
90669,1199200
297002,505000
120141,1035000
34327,1549300
125087,1087800
215325,612800
145373,1053800
169981,894700
116477,1064300
245570,568400
79905,1301200
299318,528700
287579,509000
214400,763100
194790,793100
272138,717000
263744,578900
62487,1430500
85132,1210000
226333,598300
38306,1554500
250392,642400
282408,524300
11019,1906600
65058,1378200
144893,898400
183349,840800
242881,651400
6701,1982100
143091,933700
267451,561800
60789,1374800
161471,916400
109286,1080900
85131,1250800
283058,544700
5299,1850700
63650,1380100
195306,826500
166225,799700
130541,1117400
46291,1578300
49907,1503700
284291,429600
70934,1403000
293255,544000
91574,1222700
226846,761500
116043,1170400
110461,1088200
168429,796100
200779,784200
234690,682900
134973,968100
122806,1069300
295414,502800
125646,1040500
35866,1621600
125031,1060200
178239,823900
42149,1534000
259496,572200
117321,1010300
252815,572300
132400,1032200
104829,1066800
54453,1523700
227077,690200
220535,599600
56599,1481000
36778,1580100
62288,1449600
135367,1020800
78495,1371700
226187,684900
44523,1606500
237328,666700
56332,1374300
31522,1624900
12737,1776100
53896,1571200
92194,1185200
218078,651400
215260,697500
35741,1627500
209693,714300
144042,1037100
154552,873700
226777,634000
296382,420400
260155,597800
35662,1661200
289266,551100
31289,1679000
254974,488800
87540,1255000
34821,1653200
102425,1164000
40924,1521900
128314,990300
216694,766700
134087,1076500
25836,1671200
279088,496300
170868,877600
169722,837600
130140,1020900
162284,907000
244717,578500
43033,1643600
9883,1680100
57418,1505000
43409,1506600
74445,1326400
187981,858800
198738,676700
154415,965200
163606,954600
282317,617100
161960,886500
59309,1469600
65517,1390800
61117,1430400
152721,891500
115430,1091100
143403,928400
269979,443400
31633,1667700
53390,1425500
28114,1619500
6858,1869400
142340,989200
89715,1240000
229231,590500
299076,511500
83147,1285300
291046,554100
294682,510900
82643,1274100
196182,761500
25916,1736300
135825,976000
58893,1408900
218058,736900
86030,1298900
90197,1224000
97826,1203500
179160,807700
220856,709900
135111,905200
144883,996800
205562,789900
25302,1736300
246331,580500
188321,752000
124325,1136000
121876,1097000
177103,827800
151068,1013600
151341,828200
189101,747700
286131,478000
178617,840300
141951,958800
98620,1065400
25057,1646600
61834,1388900
169457,825900
233796,594100
206953,683100
104656,1154100
5886,1970600
277587,590600
108303,1108200
195956,645300
178119,870200
169582,838300
162455,857900
270878,531000
215973,739900
160008,859200
203781,719300
96240,1172900
292276,476800
5212,1887200
173951,867200
248787,531800
273002,571800
253085,625600
93967,1095900
49457,1502000
180735,881700
53961,1518500
167749,783000
122776,1069800
29229,1653700
133368,1076400
43182,1559100
243769,554100
106940,1179800
206315,684700
7907,1874000
60882,1439700
276559,502700
248557,638400
68626,1391200
244317,650600
283466,564200
298037,392700
237035,563300
269649,454800
238787,676100
88444,1249000
140891,916200
134624,1023600
278311,499500
259068,548800
45623,1518400
154803,916100
288195,558000
47245,1557900
85113,1299500
117172,1135800
289484,530500
249278,571300
225276,682100
209198,767800
15240,1766600
204429,609800
161559,900900
209465,787100
224687,568000
287182,514100
120625,1008100
260972,582500
20217,1811300
208873,675200
216978,753800
91530,1293000
285034,424900
19138,1824300
19209,1730900
49012,1504100
247062,585100
100278,1227600
115970,1110200
243393,576300
203771,805200
150886,929600
137262,895200
47942,1447400
32307,1669700
188480,784800
26106,1725600
21268,1781100
15684,1789400
84892,1277300
64973,1461100
119276,1040300
198407,756200
92969,1122600
65048,1324600
90860,1259900
18462,1769300
168555,758600
201768,686700
212961,732400
132323,1001000
58425,1437300
68467,1340400
26532,1673000
199285,788200
41153,1536500
225231,663300
262006,670200
246035,687200
85211,1196400
146600,979300
287157,523700
145716,895900
173980,890900
50436,1434500
151238,954400
248641,576900
203699,700300
175401,879300
100336,1134200
140451,978600
183435,787200
149844,999100
296394,618200
49885,1522100
131540,1005900
130998,962500
254609,552100
14040,1768800
53786,1471100
132561,1060800
165540,842900
295179,458100
283355,429200
293562,642600
178429,785200
165758,910800
136807,1001500
170438,927600
67681,1380400
102071,1048300
105422,1164200
280060,586100
153372,1011600
160318,877100
124266,1025300
285040,552000
71365,1340300
295119,633000
158163,889200
262361,544500
58785,1494000
251099,549300
255984,554400
31936,1669000
137371,1042300
39258,1576700
215086,629400
33106,1651000
84548,1313400
164297,924400
49659,1541100
223195,669900
123325,1065100
237113,583900
160898,983200
165107,752400
36578,1555600
113940,1053600
115637,1094900
130758,1041000
96128,1177600
219180,673300
241193,600400
22112,1689600
126360,1032400
243043,656100
42318,1529400
108714,1029100
227895,684300
83113,1307900
144267,966500
91991,1212700
166277,787500
156315,852900
235242,691400
216030,745900
147735,883800
47174,1534800
25898,1771300
136264,942200
18560,1881000
15876,1867400
146301,873200
96850,1161900
251677,541000
150834,922200
100152,1235400
262805,567000
52837,1441800
173326,846800
59840,1468900
264768,528600
156109,879800
293409,459500
24239,1681500
174488,844900
65776,1449000
274796,531600
5603,1860600
221660,623100
33418,1663100
266353,603600
236756,635200
292949,469900
73688,1393600
259128,553100
68662,1448500
130460,1034700
88035,1250600
218904,691200
53868,1499600
64486,1502800
246931,674800
85725,1244400
266292,597900
148353,922400
222836,743000
132785,890100
244487,566100
271464,532800
76569,1352700
222549,642500
183192,855100
6344,1863800
153289,903800
261712,476300
82906,1231300
179294,833800
294363,504700
173704,787300
103908,1197200
205787,719300
127453,1068400
171816,802600
252975,566100
207416,630900
84746,1260400
268345,555700
179060,885200
235847,561200
57277,1404900
80578,1291500
219946,771600
44231,1461900
251148,603700
213395,661600
47108,1593900
284771,441500
204234,796100
260825,552700
288648,530500
155669,912200
124268,1051400
56612,1410900
57694,1384200
20176,1785800
29112,1673500
192938,781400
201524,703600
221033,693000
99401,1196000
205563,742300
131264,952000
126733,1041200
246775,571000
9926,1811200
248926,662700
87824,1211300
43724,1518800
161842,899000
227460,638500
163398,824800
109447,1227900
60917,1432800
129364,992700
160122,921500
159785,984100
212516,715700
148906,1037000
30713,1672700
265428,615700
125648,951900
189717,783700
136400,1025500
76711,1250500
25668,1632800
166969,865000
196292,742200
73897,1379200
222843,694400
97085,1226400
196814,836800
283319,483100
91268,1233600
139726,1081300
159739,829300
182584,821500
44478,1502900
78797,1312800
213358,664400
297192,436500
12297,1897200
143652,906700
142448,953300
204767,779200
61804,1320300
127590,967600
299339,503600
176969,853900
38143,1588300
248409,638500
219064,660100
66171,1473500
164574,964500
263277,594200
286829,540200
76127,1292400
288216,544000
224743,597700
222518,630900
56915,1496800
151664,865300
22152,1728700
238148,596800
128791,1044200
197589,732500
290456,567100
36745,1576000
213739,677700
243402,745200
53063,1453100
16197,1734000
31517,1669400
71020,1326800
112586,1190300
113610,1143100
118220,1097400
82360,1255500
6486,1861800
73153,1490600
288228,512800
18516,1805000
74102,1430500
129744,1033700
174749,870900
71457,1364100
225704,582100
254690,573800
240025,634900
62175,1365200
241981,498700
27735,1690100
278390,510500
21331,1816900
36890,1713400
228490,654900
61603,1318900
43530,1570000
47357,1521200
71160,1387700
149187,888700
175490,782300
204703,788700
242877,614900
270054,533500
64985,1390500
294058,495000
241744,585700
124796,969500
214049,746400
223098,665700
168852,811600
138635,963000
253652,610300
40197,1607500
231427,659100
55627,1469800
73217,1300200
296698,612700
299483,537100
177829,795400
226740,615700
31972,1723500
189363,765300
59316,1414100
257806,563500
122568,1087700
296643,458400
197707,780500
123572,1082700
229978,727900
296891,383900
18764,1715100
145219,907000
20179,1792100
166996,932300
183165,781900
80105,1328900
215126,769200
21073,1785900
53107,1489300
225113,630600
242841,591100
175070,871000
49541,1538500
31089,1645000
47772,1520200
259626,648400
236758,603200
273617,561500
64673,1393100
260135,594300
281265,519700
212231,690400
33721,1684800
115747,1098300
76950,1327500
67906,1343200
9052,1808700
72730,1352600
204338,693000
297932,486600
190685,863500
27178,1741300
233704,753300
169133,866600
230068,581000
223991,633600
156789,911000
175272,836600
95111,1233200
194715,694400
51205,1482500
233419,651300
214951,645700
167673,851600
183002,816700
45044,1637000
272640,504600
106661,1099600
188173,708000
82432,1390100
128872,1060400
95963,1229300
85147,1276300
97875,1122200
264059,502400
240355,638000
174454,879100
84145,1224900
235562,685400
163765,897200
149008,897500
43897,1535200
167743,845400
198324,751400
155511,997200
52341,1542100
270849,500500
26507,1747300
240789,677200
103691,1126600
173572,789700
37439,1575800
241203,706600
185060,858700
49212,1488700
134889,999900
234511,700000
88228,1249100
195787,728100
219312,711500
182401,796300
180452,795700
39556,1564200
207670,773900
153974,914000
83838,1377400
179777,877300
188406,818100
167650,935000
210498,693400
72607,1255000
167310,794300
298036,430400
72000,1418500
280981,589900
271594,589400
194702,802900
117298,1093000
184166,851700
123773,1036300
77123,1346300
58026,1488600
271175,561400
281054,433600
24790,1664700
73707,1258200
202509,752200
91790,1257000
234466,685100
129534,1039400
237888,565900
240367,570000
127684,993500
250899,587500
106720,1063100
235999,724600
247053,616800
268667,468500
281540,500800
109699,1143100
77560,1331300
256967,570100
199622,721900
275485,531800
70367,1349000
148021,1023700
240572,646300
234361,623800
53084,1523700
241520,608800
188283,829300
212856,679800
268196,521000
47784,1565500
201562,744400
56948,1505100
180788,816300
155407,882800
252702,583100
250948,570700
240196,542600
14963,1734400
139177,986800
281704,554100
226907,691800
162889,904700
68883,1427500
244659,627800
37929,1691300
286046,587000
13616,1774700
80275,1254100
157710,837100
131124,1048500
223401,698800
279456,599700
194060,818100
270985,574600
271140,502200
251486,578500
27824,1599500
137985,880300
13515,1808100
131419,1032000
59349,1455400
179335,733900
74945,1397400
96797,1218600
248596,659000
100566,1172700
75701,1411800
244955,645000
24390,1717900
109579,1143600
26970,1682300
213784,738300
289704,496500
105193,1155700
155004,856600
179024,884000
148244,973900
214726,729800
235548,675400
102946,1135600
265153,545600
277250,491100
144838,980500
46380,1464700
230762,575100
290985,451700
159018,885200
160000,908400
165692,792000
92369,1254000
237735,621700
189842,788800
233034,621700
35072,1769600
44343,1532700
274004,497900
88879,1275100
234728,630500
23244,1757700
197061,778400
194871,711700
85445,1313200
240889,667900
45310,1534200
77191,1272800
151113,918200
135868,1007300
102542,1165500
266642,449200
66740,1380000
142246,978900
117496,1010000
154724,849400
109951,956800
69297,1387700
95521,1223500
238366,720000
172556,838600
187150,770500
157233,840300
162263,927700
96273,1141000
194526,735400
110371,1123500
77811,1323100
194213,820100
295466,448200
294221,476400
73037,1333500
167157,847400
213750,778600
280615,528400
220374,690300
43666,1469800
70707,1435900
240916,609700
249230,581200
294041,459800
100401,1183400
268645,528600
34052,1669300
164448,819300
91327,1295100
123211,1157200
186415,846200
153923,895800
46345,1541100
293799,572900
148891,967100
284696,550200
53983,1453200
85842,1266800
94758,1170000
182009,737800
26597,1708200
28835,1672900
143755,910200
223411,600900
20878,1682600
156871,903800
163384,786400
217909,696100
160941,813000
87879,1276700
235479,588300
183358,828200
80323,1271600
186073,863700
214042,730800
299466,526200
60670,1411400
145232,1004100
240717,622900
157154,924400
206405,756000
88728,1210300
176670,897600
104527,1124800
88541,1190500
266493,560200
166764,841000
211172,707200
269998,515900
190018,786200
30510,1724900
251723,612800
154814,817300
230930,626900
75220,1394800
216421,636600
196856,768500
299553,495400
107055,1116300
207558,749600
269375,492900
67291,1407900
72456,1402900
182778,794200
297464,572600
109363,1099000
271926,535700
25402,1721400
76846,1304100
277279,447800
244593,675200
78285,1400300
176948,863300
211021,689100
161884,832800
272236,513600
284099,457200
253980,593100
13722,1767200
223387,725400
166311,887800
18970,1693000
253821,582300
124298,1125000
31924,1631000
204329,713100
82477,1304600
62616,1387600
105025,1197400
84393,1281400
221510,657000
252257,545400
37653,1593700
299066,433600
175419,886300
202564,733500
169496,905400
284512,505600
184477,724000
143601,939100
258849,590700
297598,529700
161499,905000
161035,1018400
156521,883000
261378,497800
171220,781700
148370,947500
155884,961300
204069,781400
211848,756600
81795,1179600
157280,1021600
46434,1573300
186594,853200
256175,550100
117190,1107100
299659,550000
147407,988600
130452,1074500
132117,1117000
123316,1091300
127073,1087400
252675,608900
57714,1444800
293543,477700
87806,1157700
254403,652500
255320,536600
155599,840200
173384,833100
51903,1516100
126750,962000
24555,1702900
96784,1118400
24052,1771900
213139,708400
156764,872200
24643,1784400
61256,1434600
180658,777400
289845,656500
279893,412100
269352,557600
250377,584900
178373,908200
90193,1232000
102621,1096100
12384,1822900
106272,1059300
97009,1145400
217593,641600
229239,632500
55009,1474000
101878,1228600
135048,993500
8580,1863700
144981,991000
177818,794600
10995,1919200
